model,roc_auc,avg_precision,r2,spearman
degree alone,0.9914222222222222,0.9216402876532113,0.7118082606957046,0.7006814213584274
coreness alone,0.9942944444444444,0.9453029934839999,0.740573219107205,0.7068203634034725
trussness alone,0.9655999999999999,0.6920140082276296,0.5324502846217003,0.5236263476391538
triangles alone,0.9854833333333333,0.8608274603951732,0.6080466314679343,0.5392518760200284
collective_influence_2 alone,0.9972555555555556,0.9746763604175842,0.5964859014022259,0.7479692551360104
pagerank alone,0.9804999999999999,0.8672527001482679,0.3334228474214863,0.45941751082406385
two_hop_reach alone,0.9919777777777778,0.9294739462682282,0.8026314102999315,0.9183414895601516
-forman_mean alone,0.8430555555555554,0.24036573978805018,0.47277729114595424,0.7981555249147149
D-C-T rank average (no fitting),0.989738888888889,0.9039709506865596,0.31917039906008116,0.6327161465723388
"D-C-T ensemble (logistic / linear, 5-fold)",0.9954555555555554,0.9651389532129266,0.7509365212214233,0.7179143601207523
"all 20 features (logistic / linear, 5-fold)",0.998788888888889,0.9898580191832634,0.9103147950766799,0.9165214063792178
