,PC1,PC2,PC3
degree,0.27,-0.167,-0.015
in_degree,0.24,-0.197,-0.0
out_degree,0.248,-0.16,-0.036
reciprocity,0.05,-0.138,0.22
coreness,0.271,-0.146,0.025
trussness,0.245,-0.219,0.055
triangles,0.254,-0.216,-0.03
clustering,0.072,-0.077,0.609
avg_nbr_degree,0.185,0.397,-0.045
max_nbr_degree,0.242,0.283,0.005
sum_nbr_coreness,0.275,0.122,-0.006
nbr_degree_hindex,0.271,-0.158,-0.005
two_hop_reach,0.261,0.223,0.005
collective_influence_2,0.248,-0.014,0.31
pagerank,0.199,-0.24,-0.384
eigenvector,0.191,-0.202,-0.42
forman_mean,-0.191,-0.396,0.089
forman_min,-0.236,-0.308,0.007
forman_std,0.234,0.069,0.311
frac_negative_forman,0.092,0.291,-0.217
